yearly_agency_id,agency_id,data_year,ori,legacy_ori,covered_by_legacy_ori,direct_contributor_flag,dormant_flag,dormant_year,reporting_type,ucr_agency_name,ncic_agency_name,pub_agency_name,pub_agency_unit,agency_status,state_id,state_name,state_abbr,state_postal_abbr,division_code,division_name,region_code,region_name,region_desc,agency_type_name,population,submitting_agency_id,sai,submitting_agency_name,suburban_area_flag,population_group_id,population_group_code,population_group_desc,parent_pop_group_code,parent_pop_group_desc,mip_flag,pop_sort_order,summary_rape_def,pe_reported_flag,male_officer,male_civilian,male_officer+male_civilian,female_officer,female_civilian,female_officer+female_civilian,officer_rate,employee_rate,nibrs_cert_date,nibrs_start_date,nibrs_leoka_start_date,nibrs_ct_start_date,nibrs_multi_bias_start_date,nibrs_off_eth_start_date,covered_flag,county_name,msa_name,publishable_flag,participated,nibrs_participated
204982024,20498,2024,VT0010000,VT0010000,,N,N,,I,ADDISON,ADDISON CO SO MIDDLEBURY,Addison,,A,52,Vermont,VT,VT,1,New England,1,Northeast,Region I,County,0,23397,VTUCR0001,Department of Public Safety Vermont Criminal Information Center,N,16,8D,"Non-MSA counties under 10,000",8,Non-MSA Counties,N,16,,Y,9,0,9,1,1,2,0,0,1993-01-01,2004-01-01,2006-10-01,2013-03-01,2017-02-01,2017-02-01,N,ADDISON,Not Specified,Y,Y,Y
204992024,20499,2024,VT0010100,VT0010100,,N,N,,I,BRISTOL,BRISTOL PD,Bristol,,A,52,Vermont,VT,VT,1,New England,1,Northeast,Region I,City,3763,23397,VTUCR0001,Department of Public Safety Vermont Criminal Information Center,N,10,6,"Cities from 2,500 thru 9,999",6,"Cities from 2,500 thru 9,999",N,10,,Y,4,0,4,0,0,0,1.1,1.1,1993-01-01,2005-11-01,2010-08-01,2012-11-01,2017-03-01,2017-03-01,N,ADDISON,Not Specified,Y,Y,Y
205002024,20500,2024,VT0010200,VT0010200,,N,N,,I,MIDDLEBURY,MIDDLEBURY PD,Middlebury,,A,52,Vermont,VT,VT,1,New England,1,Northeast,Region I,City,9174,23397,VTUCR0001,Department of Public Safety Vermont Criminal Information Center,N,10,6,"Cities from 2,500 thru 9,999",6,"Cities from 2,500 thru 9,999",N,10,,Y,11,0,11,2,3,5,1.4,1.7,1993-01-01,2006-01-01,2006-01-01,2012-11-01,,,N,ADDISON,Not Specified,Y,Y,Y
205012024,20501,2024,VT0010300,VT0010300,,N,N,,I,VERGENNES,VERGENNES PD,Vergennes,,A,52,Vermont,VT,VT,1,New England,1,Northeast,Region I,City,2570,23397,VTUCR0001,Department of Public Safety Vermont Criminal Information Center,N,10,6,"Cities from 2,500 thru 9,999",6,"Cities from 2,500 thru 9,999",N,10,,Y,5,0,5,1,1,2,2.3,2.7,1993-01-01,2004-01-01,2005-09-01,2012-10-01,2017-02-01,2017-02-01,N,ADDISON,Not Specified,Y,Y,Y
205022024,20502,2024,VT0020000,VT0020000,,N,N,,I,BENNINGTON,BENNINGTON CO SO BENNINGTON,Bennington,,A,52,Vermont,VT,VT,1,New England,1,Northeast,Region I,County,0,23397,VTUCR0001,Department of Public Safety Vermont Criminal Information Center,N,16,8D,"Non-MSA counties under 10,000",8,Non-MSA Counties,N,16,,Y,11,1,12,1,2,3,0,0,1993-01-01,2001-01-01,2001-01-01,2012-11-01,,,N,BENNINGTON,Not Specified,Y,Y,Y
205032024,20503,2024,VT0020100,VT0020100,,N,N,,I,BENNINGTON,BENNINGTON PD,Bennington,,A,52,Vermont,VT,VT,1,New England,1,Northeast,Region I,City,15165,23397,VTUCR0001,Department of Public Safety Vermont Criminal Information Center,N,9,5,"Cities from 10,000 thru 24,999",5,"Cities from 10,000 thru 24,999",N,9,,Y,19,1,20,3,8,11,1.5,2.0,1993-01-01,1998-01-01,2005-09-01,2012-10-01,2017-02-01,2017-02-01,N,BENNINGTON,Not Specified,Y,Y,Y
205052024,20505,2024,VT0020400,VT0020400,,N,N,,I,MANCHESTER,MANCHESTER PD MANCHESTER CENTER,Manchester,,A,52,Vermont,VT,VT,1,New England,1,Northeast,Region I,City,4482,23397,VTUCR0001,Department of Public Safety Vermont Criminal Information Center,N,10,6,"Cities from 2,500 thru 9,999",6,"Cities from 2,500 thru 9,999",N,10,,Y,8,2,10,1,2,3,2.0,2.9,1993-01-01,1998-01-01,1998-01-01,2012-11-01,,,N,BENNINGTON,Not Specified,Y,Y,Y
205072024,20507,2024,VT0020800,VT0020800,,N,N,,I,WINHALL,WINHALL PD BONDVILLE,Winhall,,A,52,Vermont,VT,VT,1,New England,1,Northeast,Region I,City,1168,23397,VTUCR0001,Department of Public Safety Vermont Criminal Information Center,N,11,7,"Cities under 2,500",7,"Cities under 2,500",N,11,,Y,8,0,8,0,1,1,6.8,7.7,1993-01-01,2001-01-01,2001-01-01,2012-10-01,2019-05-01,2019-05-01,N,BENNINGTON,Not Specified,Y,Y,Y
205082024,20508,2024,VT0030000,VT0030000,,N,N,,I,CALEDONIA,CALEDONIA CO SO ST JOHNSBURY,Caledonia,,A,52,Vermont,VT,VT,1,New England,1,Northeast,Region I,County,0,23397,VTUCR0001,Department of Public Safety Vermont Criminal Information Center,N,16,8D,"Non-MSA counties under 10,000",8,Non-MSA Counties,N,16,,Y,3,1,4,0,2,2,0,0,1993-01-01,2004-01-01,2004-01-01,2013-02-01,,,N,CALEDONIA,Not Specified,Y,Y,Y
205092024,20509,2024,VT0030100,VT0030100,,N,N,,I,HARDWICK,HARDWICK PD,Hardwick,,A,52,Vermont,VT,VT,1,New England,1,Northeast,Region I,City,2996,23397,VTUCR0001,Department of Public Safety Vermont Criminal Information Center,N,10,6,"Cities from 2,500 thru 9,999",6,"Cities from 2,500 thru 9,999",N,10,,Y,4,0,4,1,0,1,1.7,1.7,1993-01-01,2001-01-01,2001-01-01,2012-10-01,,,N,CALEDONIA,Not Specified,Y,Y,Y
205102024,20510,2024,VT0030200,VT0030200,,N,N,,I,LYNDONVILLE,LYNDONVILLE PD,Lyndonville,,A,52,Vermont,VT,VT,1,New England,1,Northeast,Region I,City,1223,23397,VTUCR0001,Department of Public Safety Vermont Criminal Information Center,N,11,7,"Cities under 2,500",7,"Cities under 2,500",N,11,,Y,3,0,3,0,0,0,2.5,2.5,1993-01-01,2005-08-01,2005-08-01,2012-10-01,,,N,CALEDONIA,Not Specified,Y,Y,Y
205112024,20511,2024,VT0030300,VT0030300,,N,N,,I,ST. JOHNSBURY,ST JOHNSBURY PD,St. Johnsbury,,A,52,Vermont,VT,VT,1,New England,1,Northeast,Region I,City,7425,23397,VTUCR0001,Department of Public Safety Vermont Criminal Information Center,N,10,6,"Cities from 2,500 thru 9,999",6,"Cities from 2,500 thru 9,999",N,10,,Y,6,5,11,1,3,4,0.9,2.0,1993-01-01,1995-04-01,2005-09-01,2012-10-01,2017-08-01,2017-08-01,N,CALEDONIA,Not Specified,Y,Y,Y
205122024,20512,2024,VT0040000,VT0040000,,N,N,,I,CHITTENDEN,CHITTENDEN CO SO BURLINGTON,Chittenden,,A,52,Vermont,VT,VT,1,New England,1,Northeast,Region I,County,0,23397,VTUCR0001,Department of Public Safety Vermont Criminal Information Center,Y,22,9D,"MSA counties under 10,000",9,MSA Counties,N,22,,Y,12,1,13,0,2,2,0,0,1993-01-01,2004-07-01,2004-07-01,2013-07-01,,,N,CHITTENDEN,"Burlington-South Burlington, VT",Y,Y,Y
205132024,20513,2024,VT0040100,VT0040100,,N,N,,I,BURLINGTON,BURLINGTON PD,Burlington,,A,52,Vermont,VT,VT,1,New England,1,Northeast,Region I,City,44456,23397,VTUCR0001,Department of Public Safety Vermont Criminal Information Center,N,8,4,"Cities from 25,000 thru 49,999",4,"Cities from 25,000 thru 49,999",N,8,,Y,51,13,64,14,29,43,1.5,2.4,1993-01-01,2003-01-01,2003-01-01,2013-04-01,,,N,CHITTENDEN,"Burlington-South Burlington, VT",Y,Y,Y
205142024,20514,2024,VT0040200,VT0040200,,N,N,,I,ESSEX,ESSEX PD,Essex,,A,52,Vermont,VT,VT,1,New England,1,Northeast,Region I,City,22347,23397,VTUCR0001,Department of Public Safety Vermont Criminal Information Center,Y,9,5,"Cities from 10,000 thru 24,999",5,"Cities from 10,000 thru 24,999",N,9,,Y,22,1,23,2,6,8,1.1,1.4,1993-01-01,1998-01-01,2005-09-01,2012-10-01,2017-01-01,2017-01-01,N,CHITTENDEN,"Burlington-South Burlington, VT",Y,Y,Y
205152024,20515,2024,VT0040300,VT0040300,,N,N,,I,SOUTH BURLINGTON,SOUTH BURLINGTON PD,South Burlington,,A,52,Vermont,VT,VT,1,New England,1,Northeast,Region I,City,21300,23397,VTUCR0001,Department of Public Safety Vermont Criminal Information Center,N,9,5,"Cities from 10,000 thru 24,999",5,"Cities from 10,000 thru 24,999",N,9,,Y,27,1,28,3,7,10,1.4,1.8,1993-01-01,1998-01-01,1998-01-01,2013-02-01,,,N,CHITTENDEN,"Burlington-South Burlington, VT",Y,Y,Y
205162024,20516,2024,VT0040400,VT0040400,,N,N,,I,WINOOSKI,WINOOSKI PD,Winooski,,A,52,Vermont,VT,VT,1,New England,1,Northeast,Region I,City,8323,23397,VTUCR0001,Department of Public Safety Vermont Criminal Information Center,Y,10,6,"Cities from 2,500 thru 9,999",6,"Cities from 2,500 thru 9,999",N,10,,Y,12,1,13,2,2,4,1.7,2.0,1993-01-01,2001-01-01,2001-01-01,2012-10-01,,,N,CHITTENDEN,"Burlington-South Burlington, VT",Y,Y,Y
205172024,20517,2024,VT0040500,VT0040500,,N,N,,I,COLCHESTER,COLCHESTER PD,Colchester,,A,52,Vermont,VT,VT,1,New England,1,Northeast,Region I,City,17617,23397,VTUCR0001,Department of Public Safety Vermont Criminal Information Center,Y,9,5,"Cities from 10,000 thru 24,999",5,"Cities from 10,000 thru 24,999",N,9,,Y,17,8,25,4,6,10,1.2,2.0,1993-01-01,1994-01-01,1994-01-01,2012-10-01,,,N,CHITTENDEN,"Burlington-South Burlington, VT",Y,Y,Y
205182024,20518,2024,VT0040600,VT0040600,,N,N,,I,MILTON,MILTON PD,Milton,,A,52,Vermont,VT,VT,1,New England,1,Northeast,Region I,City,10733,23397,VTUCR0001,Department of Public Safety Vermont Criminal Information Center,Y,9,5,"Cities from 10,000 thru 24,999",5,"Cities from 10,000 thru 24,999",N,9,,Y,14,0,14,1,1,2,1.4,1.5,1993-01-01,1993-09-01,1993-09-01,2012-10-01,,,N,CHITTENDEN,"Burlington-South Burlington, VT",Y,Y,Y
205192024,20519,2024,VT0040700,VT0040700,,N,N,,I,SHELBURNE,SHELBURNE PD,Shelburne,,A,52,Vermont,VT,VT,1,New England,1,Northeast,Region I,City,7991,23397,VTUCR0001,Department of Public Safety Vermont Criminal Information Center,Y,10,6,"Cities from 2,500 thru 9,999",6,"Cities from 2,500 thru 9,999",N,10,,Y,10,2,12,0,7,7,1.3,2.4,1993-01-01,2001-01-01,2005-09-01,2012-10-01,2017-01-01,2017-01-01,N,CHITTENDEN,"Burlington-South Burlington, VT",Y,Y,Y
205202024,20520,2024,VT0040800,VT0040800,,N,N,,I,RICHMOND,RICHMOND PD,Richmond,,A,52,Vermont,VT,VT,1,New England,1,Northeast,Region I,City,4117,23397,VTUCR0001,Department of Public Safety Vermont Criminal Information Center,Y,10,6,"Cities from 2,500 thru 9,999",6,"Cities from 2,500 thru 9,999",N,10,,Y,2,0,2,0,0,0,0.5,0.5,1993-01-01,1999-01-01,2005-11-01,2012-10-01,2017-01-01,2017-01-01,N,CHITTENDEN,"Burlington-South Burlington, VT",Y,Y,Y
205212024,20521,2024,VT0041000,VT0041000,,N,N,,I,WILLISTON,WILLISTON PD,Williston,,A,52,Vermont,VT,VT,1,New England,1,Northeast,Region I,City,10071,23397,VTUCR0001,Department of Public Safety Vermont Criminal Information Center,Y,9,5,"Cities from 10,000 thru 24,999",5,"Cities from 10,000 thru 24,999",N,9,,Y,12,1,13,3,3,6,1.5,1.9,1993-01-01,1998-01-01,2005-09-01,2012-10-01,2017-03-01,2017-03-01,N,CHITTENDEN,"Burlington-South Burlington, VT",Y,Y,Y
205222024,20522,2024,VT0041100,VT0041100,,N,N,,I,UNIVERSITY OF VERMONT,UNIVERSITY OF VERMONT PD,University of Vermont,,A,52,Vermont,VT,VT,1,New England,1,Northeast,Region I,University or College,0,23397,VTUCR0001,Department of Public Safety Vermont Criminal Information Center,Y,11,7,"Cities under 2,500",7,"Cities under 2,500",N,11,,Y,17,5,22,1,9,10,0,0,1993-01-01,1994-01-01,1994-01-01,2012-11-01,,,N,CHITTENDEN,"Burlington-South Burlington, VT",Y,Y,Y
205232024,20523,2024,VT0041200,VT0041200,,N,N,,I,HINESBURG,HINESBURG POLICE DEPARTMENT,Hinesburg,,A,52,Vermont,VT,VT,1,New England,1,Northeast,Region I,City,4691,23397,VTUCR0001,Department of Public Safety Vermont Criminal Information Center,Y,10,6,"Cities from 2,500 thru 9,999",6,"Cities from 2,500 thru 9,999",N,10,,Y,6,0,6,0,0,0,1.3,1.3,1993-01-01,2004-01-01,2005-09-01,2012-10-01,2017-04-01,2017-04-01,N,CHITTENDEN,"Burlington-South Burlington, VT",Y,Y,Y
205242024,20524,2024,VT0050000,VT0050000,,N,N,,I,ESSEX,ESSEX CO SO GUILDHALL,Essex,,A,52,Vermont,VT,VT,1,New England,1,Northeast,Region I,County,6035,23397,VTUCR0001,Department of Public Safety Vermont Criminal Information Center,N,16,8D,"Non-MSA counties under 10,000",8,Non-MSA Counties,N,16,,Y,3,0,3,2,0,2,0.8,0.8,1993-01-01,2011-01-01,2012-04-01,2012-10-01,2017-02-01,2017-02-01,N,ESSEX,Not Specified,Y,Y,Y
205272024,20527,2024,VT0060000,VT0060000,,N,N,,I,FRANKLIN,FRANKLIN CO SO ST ALBANS,Franklin,,A,52,Vermont,VT,VT,1,New England,1,Northeast,Region I,County,0,23397,VTUCR0001,Department of Public Safety Vermont Criminal Information Center,Y,22,9D,"MSA counties under 10,000",9,MSA Counties,N,22,,Y,8,0,8,1,2,3,0,0,1993-01-01,2003-01-01,2003-01-01,2012-10-01,,,N,FRANKLIN,"Burlington-South Burlington, VT",Y,Y,Y
205282024,20528,2024,VT0060100,VT0060100,,N,N,,I,ST. ALBANS,ST ALBANS PD,St. Albans,,A,52,Vermont,VT,VT,1,New England,1,Northeast,Region I,City,6958,23397,VTUCR0001,Department of Public Safety Vermont Criminal Information Center,Y,10,6,"Cities from 2,500 thru 9,999",6,"Cities from 2,500 thru 9,999",N,10,,Y,21,4,25,3,8,11,3.4,5.2,1993-01-01,1998-01-01,1998-01-01,2012-10-01,,,N,FRANKLIN,"Burlington-South Burlington, VT",Y,Y,Y
205302024,20530,2024,VT0060300,VT0060300,,N,N,,I,SWANTON,SWANTON PD,Swanton,,A,52,Vermont,VT,VT,1,New England,1,Northeast,Region I,City,6885,23397,VTUCR0001,Department of Public Safety Vermont Criminal Information Center,Y,10,6,"Cities from 2,500 thru 9,999",6,"Cities from 2,500 thru 9,999",N,10,,Y,8,0,8,0,1,1,1.2,1.3,1993-01-01,2004-01-01,2005-09-01,2012-10-01,2017-02-01,2017-02-01,N,FRANKLIN,"Burlington-South Burlington, VT",Y,Y,Y
205322024,20532,2024,VT0070000,VT0070000,,N,N,,I,GRAND ISLE,GRAND ISLE CO SO NORTH HERO,Grand Isle,,A,52,Vermont,VT,VT,1,New England,1,Northeast,Region I,County,7526,23397,VTUCR0001,Department of Public Safety Vermont Criminal Information Center,Y,22,9D,"MSA counties under 10,000",9,MSA Counties,N,22,,Y,4,0,4,1,3,4,0.7,1.1,1993-01-01,2004-01-01,2005-09-01,2012-10-01,2017-01-01,2017-01-01,N,GRAND ISLE,"Burlington-South Burlington, VT",Y,Y,Y
205332024,20533,2024,VT0080000,VT0080000,,N,N,,I,LAMOILLE,LAMOILLE CO SO,Lamoille,,A,52,Vermont,VT,VT,1,New England,1,Northeast,Region I,County,14794,23397,VTUCR0001,Department of Public Safety Vermont Criminal Information Center,N,15,8C,"Non-MSA counties from 10,000 thru 24,999",8,Non-MSA Counties,N,15,,Y,14,8,22,0,3,3,0.9,1.7,1993-01-01,1998-01-01,1998-01-01,2012-10-01,,,N,LAMOILLE,Not Specified,Y,Y,Y
205342024,20534,2024,VT0080100,VT0080100,,N,N,,I,MORRISTOWN,MORRISTOWN PD MORRISVILLE,Morristown,,A,52,Vermont,VT,VT,1,New England,1,Northeast,Region I,City,6020,23397,VTUCR0001,Department of Public Safety Vermont Criminal Information Center,N,10,6,"Cities from 2,500 thru 9,999",6,"Cities from 2,500 thru 9,999",N,10,,Y,14,0,14,0,0,0,2.3,2.3,1993-01-01,1998-01-01,1998-01-01,2012-10-01,,,N,LAMOILLE,Not Specified,Y,Y,Y
205352024,20535,2024,VT0080200,VT0080200,,N,N,,I,STOWE,STOWE PD,Stowe,,A,52,Vermont,VT,VT,1,New England,1,Northeast,Region I,City,5272,23397,VTUCR0001,Department of Public Safety Vermont Criminal Information Center,N,10,6,"Cities from 2,500 thru 9,999",6,"Cities from 2,500 thru 9,999",N,10,,Y,10,0,10,3,0,3,2.5,2.5,1993-01-01,1998-01-01,1998-01-01,2012-10-01,,,N,LAMOILLE,Not Specified,Y,Y,Y
205362024,20536,2024,VT0090000,VT0090000,,N,N,,I,ORANGE,ORANGE CO SO CHELSEA,Orange,,A,52,Vermont,VT,VT,1,New England,1,Northeast,Region I,County,18510,23397,VTUCR0001,Department of Public Safety Vermont Criminal Information Center,N,15,8C,"Non-MSA counties from 10,000 thru 24,999",8,Non-MSA Counties,N,15,,Y,1,0,1,0,0,0,0.1,0.1,1993-01-01,2003-01-01,2005-11-01,2012-10-01,2017-03-01,2017-03-01,N,ORANGE,Not Specified,Y,Y,Y
205372024,20537,2024,VT0090100,VT0090100,,N,N,,I,RANDOLPH,RANDOLPH PD,Randolph,,A,52,Vermont,VT,VT,1,New England,1,Northeast,Region I,City,4875,23397,VTUCR0001,Department of Public Safety Vermont Criminal Information Center,N,10,6,"Cities from 2,500 thru 9,999",6,"Cities from 2,500 thru 9,999",N,10,,Y,2,0,2,2,1,3,0.8,1.0,1993-01-01,2001-01-01,2005-09-01,2012-10-01,2017-02-01,2017-02-01,N,ORANGE,Not Specified,Y,Y,Y
205382024,20538,2024,VT0090200,VT0090200,,N,N,,I,BRADFORD,BRADFORD PD,Bradford,,A,52,Vermont,VT,VT,1,New England,1,Northeast,Region I,City,2850,23397,VTUCR0001,Department of Public Safety Vermont Criminal Information Center,N,10,6,"Cities from 2,500 thru 9,999",6,"Cities from 2,500 thru 9,999",N,10,,Y,2,0,2,0,0,0,0.7,0.7,1993-01-01,2005-12-01,2006-02-01,2012-10-01,2017-01-01,2017-01-01,N,ORANGE,Not Specified,Y,Y,Y
205392024,20539,2024,VT0090400,VT0090400,,N,N,,I,THETFORD,THETFORD POLICE DEPARTMENT,Thetford,,A,52,Vermont,VT,VT,1,New England,1,Northeast,Region I,City,2862,23397,VTUCR0001,Department of Public Safety Vermont Criminal Information Center,N,10,6,"Cities from 2,500 thru 9,999",6,"Cities from 2,500 thru 9,999",N,10,,Y,1,0,1,1,0,1,0.7,0.7,1993-01-01,2001-01-01,2007-04-01,2012-10-01,2017-06-01,2017-06-01,N,ORANGE,Not Specified,Y,Y,Y
205402024,20540,2024,VT0100000,VT0100000,,N,N,,I,ORLEANS,ORLEANS CO SO NEWPORT,Orleans,,A,52,Vermont,VT,VT,1,New England,1,Northeast,Region I,County,0,23397,VTUCR0001,Department of Public Safety Vermont Criminal Information Center,N,16,8D,"Non-MSA counties under 10,000",8,Non-MSA Counties,N,16,,Y,8,0,8,3,2,5,0,0,1993-01-01,2001-08-01,2005-11-01,2012-10-01,2017-10-01,2017-10-01,N,ORLEANS,Not Specified,Y,Y,Y
205412024,20541,2024,VT0100100,VT0100100,,N,N,,I,NEWPORT,NEWPORT PD,Newport,,A,52,Vermont,VT,VT,1,New England,1,Northeast,Region I,City,4300,23397,VTUCR0001,Department of Public Safety Vermont Criminal Information Center,N,10,6,"Cities from 2,500 thru 9,999",6,"Cities from 2,500 thru 9,999",N,10,,Y,15,3,18,0,2,2,3.5,4.7,1993-01-01,1998-01-01,2005-09-01,2012-10-01,2017-03-01,2017-03-01,N,ORLEANS,Not Specified,Y,Y,Y
205422024,20542,2024,VT0110000,VT0110000,,N,N,,I,RUTLAND,RUTLAND COUNTY SHERIFFS DEPARTMENT,Rutland,,A,52,Vermont,VT,VT,1,New England,1,Northeast,Region I,County,0,23397,VTUCR0001,Department of Public Safety Vermont Criminal Information Center,N,16,8D,"Non-MSA counties under 10,000",8,Non-MSA Counties,N,16,,Y,20,3,23,3,5,8,0,0,1993-01-01,1998-01-01,1998-01-01,2012-10-01,,,N,RUTLAND,Not Specified,Y,Y,Y
205432024,20543,2024,VT0110100,VT0110100,,N,N,,I,BRANDON,BRANDON PD,Brandon,,A,52,Vermont,VT,VT,1,New England,1,Northeast,Region I,City,4101,23397,VTUCR0001,Department of Public Safety Vermont Criminal Information Center,N,10,6,"Cities from 2,500 thru 9,999",6,"Cities from 2,500 thru 9,999",N,10,,Y,7,0,7,0,1,1,1.7,2.0,1993-01-01,1998-01-01,1998-01-01,2012-10-01,,,N,RUTLAND,Not Specified,Y,Y,Y
205442024,20544,2024,VT0110200,VT0110200,,N,N,,I,RUTLAND,RUTLAND PD,Rutland,,A,52,Vermont,VT,VT,1,New England,1,Northeast,Region I,City,15579,23397,VTUCR0001,Department of Public Safety Vermont Criminal Information Center,N,9,5,"Cities from 10,000 thru 24,999",5,"Cities from 10,000 thru 24,999",N,9,,Y,28,6,34,3,9,12,2.0,3.0,1993-01-01,1993-12-01,2005-09-01,2012-10-01,2017-02-01,2017-02-01,N,RUTLAND,Not Specified,Y,Y,Y
205452024,20545,2024,VT0110300,VT0110300,,N,N,,I,CASTLETON,CASTLETON PD,Castleton,,A,52,Vermont,VT,VT,1,New England,1,Northeast,Region I,City,4441,23397,VTUCR0001,Department of Public Safety Vermont Criminal Information Center,N,10,6,"Cities from 2,500 thru 9,999",6,"Cities from 2,500 thru 9,999",N,10,,Y,5,0,5,0,0,0,1.1,1.1,1993-01-01,1999-01-01,2005-09-01,2012-11-01,2017-04-01,2017-04-01,N,RUTLAND,Not Specified,Y,Y,Y
205462024,20546,2024,VT0110400,VT0110400,,N,N,,I,FAIR HAVEN,FAIR HAVEN PD,Fair Haven,,A,52,Vermont,VT,VT,1,New England,1,Northeast,Region I,City,2710,23397,VTUCR0001,Department of Public Safety Vermont Criminal Information Center,N,10,6,"Cities from 2,500 thru 9,999",6,"Cities from 2,500 thru 9,999",N,10,,Y,3,0,3,1,0,1,1.5,1.5,1993-01-01,1999-01-01,2005-09-01,2012-10-01,2017-02-01,2017-02-01,N,RUTLAND,Not Specified,Y,Y,Y
205492024,20549,2024,VT0110700,VT0110700,,N,N,,I,RUTLAND TOWN,RUTLAND TOWN POLICE DEPARTMENT,Rutland Town,,A,52,Vermont,VT,VT,1,New England,1,Northeast,Region I,City,3929,23397,VTUCR0001,Department of Public Safety Vermont Criminal Information Center,N,10,6,"Cities from 2,500 thru 9,999",6,"Cities from 2,500 thru 9,999",N,10,,Y,4,0,4,0,1,1,1.0,1.3,1993-01-01,2008-07-01,2012-03-01,2012-10-01,2017-02-01,2017-02-01,N,RUTLAND,Not Specified,Y,Y,Y
205512024,20551,2024,VT0120000,VT0120000,,N,N,,I,WASHINGTON,WASHINGTON CO SO MONTPELIER,Washington,,A,52,Vermont,VT,VT,1,New England,1,Northeast,Region I,County,0,23397,VTUCR0001,Department of Public Safety Vermont Criminal Information Center,N,16,8D,"Non-MSA counties under 10,000",8,Non-MSA Counties,N,16,,Y,7,0,7,1,2,3,0,0,1993-01-01,2001-01-01,2005-09-01,2012-10-01,2018-01-01,2018-01-01,N,WASHINGTON,Not Specified,Y,Y,Y
205522024,20552,2024,VT0120100,VT0120100,,N,N,,I,BARRE,BARRE PD,Barre,,A,52,Vermont,VT,VT,1,New England,1,Northeast,Region I,City,8358,23397,VTUCR0001,Department of Public Safety Vermont Criminal Information Center,N,10,6,"Cities from 2,500 thru 9,999",6,"Cities from 2,500 thru 9,999",N,10,,Y,14,1,15,2,7,9,1.9,2.9,1993-01-01,2001-01-01,2005-09-01,2012-10-01,2017-04-01,2017-04-01,N,WASHINGTON,Not Specified,Y,Y,Y
205532024,20553,2024,VT0120200,VT0120200,,N,N,,I,MONTPELIER,MONTPELIER PD,Montpelier,,A,52,Vermont,VT,VT,1,New England,1,Northeast,Region I,City,7965,23397,VTUCR0001,Department of Public Safety Vermont Criminal Information Center,N,10,6,"Cities from 2,500 thru 9,999",6,"Cities from 2,500 thru 9,999",N,10,,Y,11,1,12,2,9,11,1.6,2.9,1993-01-01,2004-01-01,2004-01-01,2012-11-01,,,N,WASHINGTON,Not Specified,Y,Y,Y
205542024,20554,2024,VT0120300,VT0120300,,N,N,,I,NORTHFIELD,NORTHFIELD PD,Northfield,,A,52,Vermont,VT,VT,1,New England,1,Northeast,Region I,City,5944,23397,VTUCR0001,Department of Public Safety Vermont Criminal Information Center,N,10,6,"Cities from 2,500 thru 9,999",6,"Cities from 2,500 thru 9,999",N,10,,Y,2,0,2,1,1,2,0.5,0.7,1993-01-01,1999-01-01,2005-09-01,2012-10-01,2017-02-01,2017-02-01,N,WASHINGTON,Not Specified,Y,Y,Y
205562024,20556,2024,VT0120500,VT0120500,,N,N,,I,BARRE TOWN,BARRE TOWN PD,Barre Town,,A,52,Vermont,VT,VT,1,New England,1,Northeast,Region I,City,8075,23397,VTUCR0001,Department of Public Safety Vermont Criminal Information Center,N,10,6,"Cities from 2,500 thru 9,999",6,"Cities from 2,500 thru 9,999",N,10,,Y,6,0,6,0,1,1,0.7,0.9,1993-01-01,2000-10-01,2000-10-01,2012-10-01,,,N,WASHINGTON,Not Specified,Y,Y,Y
205572024,20557,2024,VT0120600,VT0120600,,N,N,,I,BERLIN,BERLIN POLICE DEPARTMENT,Berlin,,A,52,Vermont,VT,VT,1,New England,1,Northeast,Region I,City,2919,23397,VTUCR0001,Department of Public Safety Vermont Criminal Information Center,N,10,6,"Cities from 2,500 thru 9,999",6,"Cities from 2,500 thru 9,999",N,10,,Y,10,0,10,0,1,1,3.4,3.8,1993-01-01,2004-01-01,2005-09-01,2012-10-01,2017-08-01,2017-08-01,N,WASHINGTON,Not Specified,Y,Y,Y
205582024,20558,2024,VT012165A,VT0121600,,N,N,,I,ATTORNEY GENERAL,ATTORNEY GENERAL MONTPELIER,Attorney General,,A,52,Vermont,VT,VT,1,New England,1,Northeast,Region I,Other State Agency,0,23397,VTUCR0001,Department of Public Safety Vermont Criminal Information Center,N,11,7,"Cities under 2,500",7,"Cities under 2,500",N,11,,Y,5,0,5,2,0,2,0,0,1993-01-01,2004-06-01,2005-12-01,2012-10-01,2017-05-01,2017-05-01,N,WASHINGTON,Not Specified,Y,Y,Y
205592024,20559,2024,VT0130000,VT0130000,,N,N,,I,WINDHAM,WINDHAM CO SHERIFF'S OFFICE,Windham,,A,52,Vermont,VT,VT,1,New England,1,Northeast,Region I,County,2197,23397,VTUCR0001,Department of Public Safety Vermont Criminal Information Center,N,16,8D,"Non-MSA counties under 10,000",8,Non-MSA Counties,N,16,,Y,14,2,16,1,5,6,6.8,10.0,1993-01-01,2004-01-01,2004-01-01,2012-10-01,,,N,WINDHAM,Not Specified,Y,Y,Y
205602024,20560,2024,VT0130100,VT0130100,,N,N,,I,BELLOWS FALLS,BELLOWS FALLS PD,Bellows Falls,,A,52,Vermont,VT,VT,1,New England,1,Northeast,Region I,City,2762,23397,VTUCR0001,Department of Public Safety Vermont Criminal Information Center,N,10,6,"Cities from 2,500 thru 9,999",6,"Cities from 2,500 thru 9,999",N,10,,Y,7,0,7,1,1,2,2.9,3.3,1993-01-01,1998-01-01,1998-01-01,2012-10-01,,,N,WINDHAM,Not Specified,Y,Y,Y
205612024,20561,2024,VT0130200,VT0130200,,N,N,,I,BRATTLEBORO,BRATTLEBORO PD,Brattleboro,,A,52,Vermont,VT,VT,1,New England,1,Northeast,Region I,City,12092,23397,VTUCR0001,Department of Public Safety Vermont Criminal Information Center,N,9,5,"Cities from 10,000 thru 24,999",5,"Cities from 10,000 thru 24,999",N,9,,Y,20,5,25,3,12,15,1.9,3.3,1993-01-01,1999-01-01,2005-09-01,2012-10-01,2017-01-01,2017-01-01,N,WINDHAM,Not Specified,Y,Y,Y
205622024,20562,2024,VT0130300,VT0130300,,N,N,,I,WILMINGTON,WILMINGTON PD,Wilmington,,A,52,Vermont,VT,VT,1,New England,1,Northeast,Region I,City,2282,23397,VTUCR0001,Department of Public Safety Vermont Criminal Information Center,N,11,7,"Cities under 2,500",7,"Cities under 2,500",N,11,,Y,4,1,5,2,1,3,2.6,3.5,1993-01-01,2001-01-01,2005-09-01,2012-10-01,2017-01-01,2017-01-01,N,WINDHAM,Not Specified,Y,Y,Y
205632024,20563,2024,VT0130500,VT0130500,,N,N,,I,DOVER,DOVER PD,Dover,,A,52,Vermont,VT,VT,1,New England,1,Northeast,Region I,City,1853,23397,VTUCR0001,Department of Public Safety Vermont Criminal Information Center,N,11,7,"Cities under 2,500",7,"Cities under 2,500",N,11,,Y,5,0,5,1,1,2,3.2,3.8,1993-01-01,2001-01-01,2005-09-01,2012-10-01,2017-02-01,2017-02-01,N,WINDHAM,Not Specified,Y,Y,Y
205652024,20565,2024,VT0140000,VT0140000,,N,N,,I,WINDSOR,WINDSOR COUNTY SHERIFF'S OFFICE,Windsor,,A,52,Vermont,VT,VT,1,New England,1,Northeast,Region I,County,0,23397,VTUCR0001,Department of Public Safety Vermont Criminal Information Center,N,16,8D,"Non-MSA counties under 10,000",8,Non-MSA Counties,N,16,,Y,18,1,19,1,2,3,0,0,1993-01-01,2004-01-01,2006-01-01,2012-10-01,2017-01-01,2017-01-01,N,WINDSOR,Not Specified,Y,Y,Y
205662024,20566,2024,VT0140100,VT0140100,,N,N,,I,LUDLOW,LUDLOW PD,Ludlow,,A,52,Vermont,VT,VT,1,New England,1,Northeast,Region I,City,2187,23397,VTUCR0001,Department of Public Safety Vermont Criminal Information Center,N,11,7,"Cities under 2,500",7,"Cities under 2,500",N,11,,Y,5,4,9,1,0,1,2.7,4.6,1993-01-01,2001-01-01,2005-11-01,2012-10-01,2018-01-01,2018-01-01,N,WINDSOR,Not Specified,Y,Y,Y
205672024,20567,2024,VT0140200,VT0140200,,N,N,,I,SPRINGFIELD,SPRINGFIELD PD,Springfield,,A,52,Vermont,VT,VT,1,New England,1,Northeast,Region I,City,9071,23397,VTUCR0001,Department of Public Safety Vermont Criminal Information Center,N,10,6,"Cities from 2,500 thru 9,999",6,"Cities from 2,500 thru 9,999",N,10,,Y,13,2,15,0,3,3,1.4,2.0,1993-01-01,1998-01-01,2005-09-01,2012-10-01,2017-03-01,2017-03-01,N,WINDSOR,Not Specified,Y,Y,Y
205682024,20568,2024,VT0140300,VT0140300,,N,N,,I,HARTFORD,HARTFORD PD,Hartford,,A,52,Vermont,VT,VT,1,New England,1,Northeast,Region I,City,10759,23397,VTUCR0001,Department of Public Safety Vermont Criminal Information Center,N,9,5,"Cities from 10,000 thru 24,999",5,"Cities from 10,000 thru 24,999",N,9,,Y,19,5,24,2,6,8,2.0,3.0,1993-01-01,1998-01-01,2005-11-01,2012-10-01,2017-01-01,2017-01-01,N,WINDSOR,Not Specified,Y,Y,Y
205692024,20569,2024,VT0140400,VT0140400,,N,N,,I,WINDSOR,WINDSOR PD,Windsor,,A,52,Vermont,VT,VT,1,New England,1,Northeast,Region I,City,3550,23397,VTUCR0001,Department of Public Safety Vermont Criminal Information Center,N,10,6,"Cities from 2,500 thru 9,999",6,"Cities from 2,500 thru 9,999",N,10,,Y,8,0,8,1,1,2,2.5,2.8,1993-01-01,1998-01-01,2005-09-01,2012-10-01,2017-03-01,2017-03-01,N,WINDSOR,Not Specified,Y,Y,Y
205702024,20570,2024,VT0140500,VT0140500,,N,N,,I,WOODSTOCK,WOODSTOCK PD,Woodstock,,A,52,Vermont,VT,VT,1,New England,1,Northeast,Region I,City,3040,23397,VTUCR0001,Department of Public Safety Vermont Criminal Information Center,N,10,6,"Cities from 2,500 thru 9,999",6,"Cities from 2,500 thru 9,999",N,10,,Y,4,1,5,2,4,6,2.0,3.6,1993-01-01,2001-01-01,2005-09-01,2012-10-01,2017-03-01,2017-03-01,N,WINDSOR,Not Specified,Y,Y,Y
205712024,20571,2024,VT0140600,VT0140600,,N,N,,I,CHESTER,CHESTER PD,Chester,,A,52,Vermont,VT,VT,1,New England,1,Northeast,Region I,City,3016,23397,VTUCR0001,Department of Public Safety Vermont Criminal Information Center,N,10,6,"Cities from 2,500 thru 9,999",6,"Cities from 2,500 thru 9,999",N,10,,Y,5,0,5,0,1,1,1.7,2.0,1993-01-01,1993-08-01,2005-09-01,2012-10-01,2017-02-01,2017-02-01,N,WINDSOR,Not Specified,Y,Y,Y
205722024,20572,2024,VT0140800,VT0140800,,N,N,,I,WEATHERSFIELD,WEATHERSFIELD PD,Weathersfield,,A,52,Vermont,VT,VT,1,New England,1,Northeast,Region I,City,2859,23397,VTUCR0001,Department of Public Safety Vermont Criminal Information Center,N,10,6,"Cities from 2,500 thru 9,999",6,"Cities from 2,500 thru 9,999",N,10,,Y,2,0,2,0,0,0,0.7,0.7,1993-01-01,2004-01-01,2005-09-01,2012-10-01,2017-03-01,2017-03-01,N,WINDSOR,Not Specified,Y,Y,Y
205732024,20573,2024,VT0141000,VT0141000,,N,N,,I,NORWICH,NORWICH PD,Norwich,,A,52,Vermont,VT,VT,1,New England,1,Northeast,Region I,City,3653,23397,VTUCR0001,Department of Public Safety Vermont Criminal Information Center,N,10,6,"Cities from 2,500 thru 9,999",6,"Cities from 2,500 thru 9,999",N,10,,Y,2,0,2,0,1,1,0.5,0.8,1993-01-01,1998-01-01,2005-11-01,2012-11-01,2017-02-01,2017-02-01,N,WINDSOR,Not Specified,Y,Y,Y
205742024,20574,2024,VT0141100,VT0141100,,N,N,,I,ROYALTON,ROYALTON POLICE DEPARTMENT,Royalton,,A,52,Vermont,VT,VT,1,New England,1,Northeast,Region I,City,2778,23397,VTUCR0001,Department of Public Safety Vermont Criminal Information Center,N,10,6,"Cities from 2,500 thru 9,999",6,"Cities from 2,500 thru 9,999",N,10,,Y,1,0,1,2,0,2,1.1,1.1,1993-01-01,2008-07-01,2013-07-01,2013-07-01,2017-02-01,2017-02-01,N,WINDSOR,Not Specified,Y,Y,Y
205752024,20575,2024,VTDFW0000,VTDFW0000,,N,N,,I,"FISH & WILDLIFE DPT, LED",FISH & WILDLIFE DEPT LAW ENF DIV WATERBURG,Fish and Wildlife Department,Law Enforcement Division,A,52,Vermont,VT,VT,1,New England,1,Northeast,Region I,Other State Agency,0,23397,VTUCR0001,Department of Public Safety Vermont Criminal Information Center,N,11,7,"Cities under 2,500",7,"Cities under 2,500",N,11,,Y,37,0,37,4,2,6,0,0,1993-01-01,2004-01-01,2005-09-01,2012-10-01,2017-08-01,2017-08-01,N,WASHINGTON,Not Specified,Y,Y,Y
205762024,20576,2024,VTDLC0000,VTDLC0000,,N,N,,I,DEPT LIQUOR CONTOL: DE&L,DLC DIVISION OF ENF & LICENSING MONTPELIER,Department of Liquor Control:,Division of Enforcement and Licensing,A,52,Vermont,VT,VT,1,New England,1,Northeast,Region I,Other State Agency,0,23397,VTUCR0001,Department of Public Safety Vermont Criminal Information Center,N,11,7,"Cities under 2,500",7,"Cities under 2,500",N,11,,Y,8,4,12,5,5,10,0,0,1993-01-01,2005-08-01,2005-08-01,2013-02-01,,,N,WASHINGTON,Not Specified,Y,Y,Y
205772024,20577,2024,VTDMV0000,VTDMV0000,,N,N,,I,DEPT OF MOTOR VEHICLES,VERMONT DEPARTMENT OF MOTOR VEHICLES MONTPELIER,Department of Motor Vehicles,,A,52,Vermont,VT,VT,1,New England,1,Northeast,Region I,Other State Agency,0,23397,VTUCR0001,Department of Public Safety Vermont Criminal Information Center,N,11,7,"Cities under 2,500",7,"Cities under 2,500",N,11,,Y,29,7,36,2,5,7,0,0,1993-01-01,2005-12-01,2005-12-01,2012-10-01,,,N,WASHINGTON,Not Specified,Y,Y,Y
205782024,20578,2024,VTVSP0000,VTVSP0000,,N,N,,I,VERMONT STATE POLICE,DEPT OF PUB SFTY WATERBURY,Vermont State Police,,A,52,Vermont,VT,VT,1,New England,1,Northeast,Region I,State Police,0,23397,VTUCR0001,Department of Public Safety Vermont Criminal Information Center,N,16,8D,"Non-MSA counties under 10,000",8,Non-MSA Counties,N,16,,Y,19,9,28,3,9,12,0,0,1993-01-01,1994-01-01,2005-09-01,2012-10-01,2017-02-01,2017-02-01,N,UNMAPPED COUNTY,Not Specified,Y,Y,Y
205792024,20579,2024,VTVSP0100,VTVSP0100,,N,N,,I,SP: WILLISTON,STATE POLICE WILLISTON,State Police:,Williston,A,52,Vermont,VT,VT,1,New England,1,Northeast,Region I,State Police,18069,23397,VTUCR0001,Department of Public Safety Vermont Criminal Information Center,Y,21,9C,"MSA counties from 10,000 thru 24,999",9,MSA Counties,N,21,,Y,16,15,31,1,20,21,0.9,2.9,1993-01-01,1993-10-01,2005-09-01,2012-10-01,2017-01-01,2017-01-01,N,CHITTENDEN,"Burlington-South Burlington, VT",Y,Y,Y
205802024,20580,2024,VTVSP0200,VTVSP0200,,N,N,,I,SP: ST. JOHNSBURY,STATE POLICE ST JOHNSBURY,State Police:,St. Johnsbury,A,52,Vermont,VT,VT,1,New England,1,Northeast,Region I,State Police,19086,23397,VTUCR0001,Department of Public Safety Vermont Criminal Information Center,N,15,8C,"Non-MSA counties from 10,000 thru 24,999",8,Non-MSA Counties,N,15,,Y,17,0,17,2,1,3,1.0,1.0,1993-01-01,1993-07-01,2005-09-01,2012-10-01,2017-01-01,2017-01-01,N,CALEDONIA,Not Specified,Y,Y,Y
205812024,20581,2024,VTVSP0300,VTVSP0300,,N,N,,I,SP: RUTLAND,STATE POLICE RUTLAND,State Police:,Rutland,A,52,Vermont,VT,VT,1,New England,1,Northeast,Region I,State Police,25096,23397,VTUCR0001,Department of Public Safety Vermont Criminal Information Center,N,14,8B,"Non-MSA counties from 25,000 thru 99,999",8,Non-MSA Counties,N,14,,Y,20,0,20,0,2,2,0.8,0.9,1993-01-01,1993-11-01,2005-09-01,2012-10-01,2017-02-01,2017-02-01,N,RUTLAND,Not Specified,Y,Y,Y
205832024,20583,2024,VTVSP0500,VTVSP0500,,N,N,,I,VT. STATE POLICE HDQ-BCI,STATE POLICE CRIMINAL DIVISION,Vermont State Police Headquarters Bureau of Criminal Investigations,,A,52,Vermont,VT,VT,1,New England,1,Northeast,Region I,State Police,0,23397,VTUCR0001,Department of Public Safety Vermont Criminal Information Center,N,16,8D,"Non-MSA counties under 10,000",8,Non-MSA Counties,N,16,,Y,61,3,64,9,4,13,0,0,1993-01-01,1996-11-01,2005-09-01,2012-10-01,2017-02-01,2017-02-01,N,WASHINGTON,Not Specified,Y,Y,Y
205842024,20584,2024,VTVSP0600,VTVSP0600,,N,N,,I,SP: NEW HAVEN,STATE POLICE NEW HAVEN,State Police:,New Haven,A,52,Vermont,VT,VT,1,New England,1,Northeast,Region I,State Police,22306,23397,VTUCR0001,Department of Public Safety Vermont Criminal Information Center,N,15,8C,"Non-MSA counties from 10,000 thru 24,999",8,Non-MSA Counties,N,15,,Y,10,0,10,2,1,3,0.5,0.6,1993-01-01,1993-12-01,2005-09-01,2012-10-01,2017-01-01,2017-01-01,N,ADDISON,Not Specified,Y,Y,Y
205852024,20585,2024,VTVSP0700,VTVSP0700,,N,N,,I,SP: ST. ALBANS,STATE POLICE ST ALBANS,State Police:,St. Albans,A,52,Vermont,VT,VT,1,New England,1,Northeast,Region I,State Police,37432,23397,VTUCR0001,Department of Public Safety Vermont Criminal Information Center,Y,20,9B,"MSA counties from 25,000 thru 99,999",9,MSA Counties,N,20,,Y,17,1,18,2,1,3,0.5,0.6,1993-01-01,1993-01-01,2005-09-01,2012-10-01,2017-01-01,2017-01-01,N,FRANKLIN,"Burlington-South Burlington, VT",Y,Y,Y
205862024,20586,2024,VTVSP0800,VTVSP0800,,N,N,,I,SP: DERBY,STATE POLICE DERBY,State Police:,Derby,A,52,Vermont,VT,VT,1,New England,1,Northeast,Region I,State Police,23233,23397,VTUCR0001,Department of Public Safety Vermont Criminal Information Center,N,15,8C,"Non-MSA counties from 10,000 thru 24,999",8,Non-MSA Counties,N,15,,Y,12,1,13,2,0,2,0.6,0.6,1993-01-01,1993-01-01,2005-11-01,2012-10-01,2017-02-01,2017-02-01,N,ORLEANS,Not Specified,Y,Y,Y
205872024,20587,2024,VTVSP0900,VTVSP0900,,N,N,,I,SP: SHAFTSBURY,STATE POLICE SHAFTSBURY,State Police:,Shaftsbury,A,52,Vermont,VT,VT,1,New England,1,Northeast,Region I,State Police,16300,23397,VTUCR0001,Department of Public Safety Vermont Criminal Information Center,N,15,8C,"Non-MSA counties from 10,000 thru 24,999",8,Non-MSA Counties,N,15,,Y,13,0,13,0,1,1,0.8,0.9,1993-01-01,1993-03-01,2005-09-01,2012-10-01,2017-01-01,2017-01-01,N,BENNINGTON,Not Specified,Y,Y,Y
205892024,20589,2024,VTVSP1100,VTVSP1100,,N,N,,I,SP: ROYALTON,STATE POLICE ROYALTON,State Police:,Royalton,A,52,Vermont,VT,VT,1,New England,1,Northeast,Region I,State Police,17266,23397,VTUCR0001,Department of Public Safety Vermont Criminal Information Center,N,15,8C,"Non-MSA counties from 10,000 thru 24,999",8,Non-MSA Counties,N,15,,Y,12,1,13,3,1,4,0.9,1.0,1993-01-01,1993-12-01,2005-09-01,2012-10-01,2017-01-01,2017-01-01,N,WINDSOR,Not Specified,Y,Y,Y
205902024,20590,2024,VTVSP1200,VTVSP1200,,N,N,,I,SP: BERLIN,STATE POLICE MIDDLESEX,State Police:,Berlin,A,52,Vermont,VT,VT,1,New England,1,Northeast,Region I,State Police,26964,23397,VTUCR0001,Department of Public Safety Vermont Criminal Information Center,N,14,8B,"Non-MSA counties from 25,000 thru 99,999",8,Non-MSA Counties,N,14,,Y,16,0,16,1,2,3,0.6,0.7,1993-01-01,1993-01-01,2005-09-01,2012-10-01,2017-01-01,2017-01-01,N,WASHINGTON,Not Specified,Y,Y,Y
231682024,23168,2024,VT0120800,VT0120800,,N,N,,I,SECRETARY OF STATE INV U,SECRETARY OF STATE INV U,Secretary of State,Investigations Unit,A,52,Vermont,VT,VT,1,New England,1,Northeast,Region I,Other State Agency,0,23397,VTUCR0001,Department of Public Safety Vermont Criminal Information Center,N,11,7,"Cities under 2,500",7,"Cities under 2,500",N,11,,Y,5,0,5,1,0,1,0,0,1993-01-01,2012-01-01,2012-01-01,2013-02-01,,,N,WASHINGTON,Not Specified,Y,Y,Y
232522024,23252,2024,VT0111000,VT0111000,,N,N,,I,PITTSFORD,PITTSFORD,Pittsford,,A,52,Vermont,VT,VT,1,New England,1,Northeast,Region I,City,2886,23397,VTUCR0001,Department of Public Safety Vermont Criminal Information Center,N,10,6,"Cities from 2,500 thru 9,999",6,"Cities from 2,500 thru 9,999",N,10,,Y,1,0,1,0,0,0,0.3,0.3,1993-01-01,2013-09-01,2013-09-01,2014-01-01,,,N,RUTLAND,Not Specified,Y,Y,Y
254122024,25412,2024,VT0111100,VT0111100,,N,N,,I,KILLINGTON,,Killington,,A,52,Vermont,VT,VT,1,New England,1,Northeast,Region I,City,1413,23397,VTUCR0001,Department of Public Safety Vermont Criminal Information Center,N,11,7,"Cities under 2,500",7,"Cities under 2,500",N,11,,Y,2,0,2,1,0,1,2.1,2.1,1993-01-01,2014-01-01,2014-01-01,2014-08-01,,,N,RUTLAND,Not Specified,Y,Y,Y
254132024,25413,2024,VT0120700,VT0120700,,N,N,,I,CAPITOL POLICE,,Capitol Police,,A,52,Vermont,VT,VT,1,New England,1,Northeast,Region I,Other State Agency,0,23397,VTUCR0001,Department of Public Safety Vermont Criminal Information Center,N,11,7,"Cities under 2,500",7,"Cities under 2,500",N,11,,Y,4,0,4,1,0,1,0,0,1993-01-01,2013-05-01,2013-05-01,2014-08-01,,,N,WASHINGTON,Not Specified,Y,Y,Y
258402024,25840,2024,VT0041300,VT0041300,,N,N,,I,CHITTENDEN UNIT SPEC INV,,Chittenden Unit for Special Investigations,,A,52,Vermont,VT,VT,1,New England,1,Northeast,Region I,Other,0,23397,VTUCR0001,Department of Public Safety Vermont Criminal Information Center,Y,22,9D,"MSA counties under 10,000",9,MSA Counties,N,22,,N,0,0,0,0,0,0,0,0,1993-01-01,2016-02-01,2016-02-01,2016-01-01,,,N,CHITTENDEN,"Burlington-South Burlington, VT",Y,Y,Y
259982024,25998,2024,VT0090300,VT0090300,,N,N,,I,FAIRLEE,,Fairlee,,A,52,Vermont,VT,VT,1,New England,1,Northeast,Region I,City,1042,23397,VTUCR0001,Department of Public Safety Vermont Criminal Information Center,N,11,7,"Cities under 2,500",7,"Cities under 2,500",N,11,,Y,1,0,1,0,0,0,1.0,1.0,1993-01-01,2017-02-01,2016-10-01,2016-10-01,2017-09-01,2017-09-01,N,ORANGE,Not Specified,Y,Y,Y
260572024,26057,2024,VTVSP1600,VTVSP1600,,N,N,,I,SP: WESTMINSTER,,State Police:,Westminster,A,52,Vermont,VT,VT,1,New England,1,Northeast,Region I,State Police,24781,23397,VTUCR0001,Department of Public Safety Vermont Criminal Information Center,N,15,8C,"Non-MSA counties from 10,000 thru 24,999",8,Non-MSA Counties,N,15,,Y,15,9,24,3,19,22,0.7,1.9,1993-01-01,2016-07-01,2016-09-01,2016-09-01,2017-02-01,2017-02-01,N,WINDHAM,Not Specified,Y,Y,Y
